<?xml version="1.0" encoding="UTF-8"?>
<beans xmlns="http://www.springframework.org/schema/beans"
       xmlns:xsi="http://www.w3.org/2001/XMLSchema-instance"
       xsi:schemaLocation="http://www.springframework.org/schema/beans http://www.springframework.org/schema/beans/spring-beans.xsd">

    <bean class="org.example.Course" name="course">
      <!--  <property name="courseID" value="101" />
        <property name="courseName" value="JavaFullStack"/>
        <property name="coursePrice" value="45000" />
        <property name="courseContent" value="Core,Advance"/>
        -->
        <constructor-arg value="111"/>
        <constructor-arg value="Spring Framework"/>
        <constructor-arg value="30000"/>
        <constructor-arg value="MVC,REST,BOOT"/>




    </bean>
</beans>